{
  "MetaData": {
    "RowKey": 756971831,
    "RequestId": 937210673,
    "ReportId": 892599,
    "ReportType": 1,
    "SiteId": 529,
    "SubscriberId": 4,
    "IsSameTimeShopping": false,
    "RetryCount": 0,
    "Status": 12,
    "StatusText": "Queued",
    "ReportTypeText": "OnDemand",
    "SameTimeShoppingBatchId": "",
    "LastModifiedDateTimeUTC": "2018-08-03T09:43:26.613",
    "ReportDeliveryTimeUTC": "0001-01-01T00:00:00",
    "DateTimeStampIns": "2018-08-03T09:43:26.613",
    "DataCollectionTemplateId": 3,
    "DataCollectionSubTemplateId": 3
  },
  "RequestType": "Air",
  "CacheFilePath": "https://adevtestrsood7682.blob.core.windows.net/cachepages",
  "Proxies": [
    {
      "ProxyMasterId": 555,
      "WebSiteId": 72,
      "WebSiteName": "",
      "IPAddress": "zproxy.luminati.io:22225",
      "Vendor": "Luminati-Air",
      "ProxyCategory": "LUM-AIR",
      "CountryId": 18,
      "CostGroupId": 10,
      "ProxyOptionGroupId": 34553,
      "UserId": "lum-customer-rategain-zone-loair-country-bh-session-10039532",
      "Password": "9fc1e2de9699",
      "HitCount": 13,
      "HitIncreaseValue": 1,
      "IsMulitpleIPS": false,
      "MaxIPs": 5000,
      "IgnoreCostGroupId": 0,
      "IsActive": 0,
      "Remark": null,
      "ProductId": 0,
      "ProxyCountryID": null
    },
    {
      "ProxyMasterId": 602,
      "WebSiteId": 72,
      "WebSiteName": "",
      "IPAddress": "zproxy.luminati.io:22225",
      "Vendor": "Luminati-Air",
      "ProxyCategory": "LUM-AIR",
      "CountryId": 92,
      "CostGroupId": 10,
      "ProxyOptionGroupId": 34569,
      "UserId": "lum-customer-rategain-zone-loair-country-gu-session-49957769",
      "Password": "9fc1e2de9699",
      "HitCount": 2,
      "HitIncreaseValue": 1,
      "IsMulitpleIPS": false,
      "MaxIPs": 5000,
      "IgnoreCostGroupId": 0,
      "IsActive": 0,
      "Remark": null,
      "ProductId": 0,
      "ProxyCountryID": null
    },
    {
      "ProxyMasterId": 559,
      "WebSiteId": 72,
      "WebSiteName": "",
      "IPAddress": "zproxy.luminati.io:22225",
      "Vendor": "BK-Luminati",
      "ProxyCategory": "LUM-AIR",
      "CountryId": 79,
      "CostGroupId": 10,
      "ProxyOptionGroupId": 34565,
      "UserId": "lum-customer-rategain-zone-loair-country-fr-session-84834301",
      "Password": "9fc1e2de9699",
      "HitCount": 11,
      "HitIncreaseValue": 1,
      "IsMulitpleIPS": false,
      "MaxIPs": 5000,
      "IgnoreCostGroupId": 0,
      "IsActive": 0,
      "Remark": null,
      "ProductId": 0,
      "ProxyCountryID": null
    },
    {
      "ProxyMasterId": 608,
      "WebSiteId": 72,
      "WebSiteName": "",
      "IPAddress": "zproxy.luminati.io:22225",
      "Vendor": "Luminati-Air",
      "ProxyCategory": "LUM-AIR",
      "CountryId": 77,
      "CostGroupId": 10,
      "ProxyOptionGroupId": 34563,
      "UserId": "lum-customer-rategain-zone-loair-country-fj-session-95038981",
      "Password": "9fc1e2de9699",
      "HitCount": 23,
      "HitIncreaseValue": 1,
      "IsMulitpleIPS": false,
      "MaxIPs": 5000,
      "IgnoreCostGroupId": 0,
      "IsActive": 0,
      "Remark": null,
      "ProductId": 0,
      "ProxyCountryID": null
    },
    {
      "ProxyMasterId": 564,
      "WebSiteId": 72,
      "WebSiteName": "",
      "IPAddress": "zproxy.luminati.io:22225",
      "Vendor": "BK-Luminati",
      "ProxyCategory": "LUM-AIR",
      "CountryId": 39,
      "CostGroupId": 10,
      "ProxyOptionGroupId": 34558,
      "UserId": "lum-customer-rategain-zone-loair-country-kh-session-90437191",
      "Password": "9fc1e2de9699",
      "HitCount": 20,
      "HitIncreaseValue": 5,
      "IsMulitpleIPS": false,
      "MaxIPs": 5000,
      "IgnoreCostGroupId": 0,
      "IsActive": 0,
      "Remark": null,
      "ProductId": 0,
      "ProxyCountryID": null
    },
    {
      "ProxyMasterId": 563,
      "WebSiteId": 72,
      "WebSiteName": "",
      "IPAddress": "zproxy.luminati.io:22225",
      "Vendor": "BK-Luminati",
      "ProxyCategory": "LUM-AIR",
      "CountryId": 34,
      "CostGroupId": 10,
      "ProxyOptionGroupId": 34557,
      "UserId": "lum-customer-rategain-zone-loair-country-bn-session-68362540",
      "Password": "9fc1e2de9699",
      "HitCount": 6,
      "HitIncreaseValue": 1,
      "IsMulitpleIPS": false,
      "MaxIPs": 5000,
      "IgnoreCostGroupId": 0,
      "IsActive": 0,
      "Remark": null,
      "ProductId": 0,
      "ProxyCountryID": null
    },
    {
      "ProxyMasterId": 559,
      "WebSiteId": 72,
      "WebSiteName": "",
      "IPAddress": "zproxy.luminati.io:22225",
      "Vendor": "BK-Luminati",
      "ProxyCategory": "LUM-AIR",
      "CountryId": 79,
      "CostGroupId": 10,
      "ProxyOptionGroupId": 34565,
      "UserId": "lum-customer-rategain-zone-loair-country-fr-session-11366892",
      "Password": "9fc1e2de9699",
      "HitCount": 14,
      "HitIncreaseValue": 1,
      "IsMulitpleIPS": false,
      "MaxIPs": 5000,
      "IgnoreCostGroupId": 0,
      "IsActive": 0,
      "Remark": null,
      "ProductId": 0,
      "ProxyCountryID": null
    },
    {
      "ProxyMasterId": 606,
      "WebSiteId": 72,
      "WebSiteName": "",
      "IPAddress": "zproxy.luminati.io:22225",
      "Vendor": "Luminati-Air",
      "ProxyCategory": "LUM-AIR",
      "CountryId": 102,
      "CostGroupId": 10,
      "ProxyOptionGroupId": 34573,
      "UserId": "lum-customer-rategain-zone-loair-country-in-session-87697198",
      "Password": "9fc1e2de9699",
      "HitCount": 10,
      "HitIncreaseValue": 1,
      "IsMulitpleIPS": false,
      "MaxIPs": 5000,
      "IgnoreCostGroupId": 0,
      "IsActive": 0,
      "Remark": null,
      "ProductId": 0,
      "ProxyCountryID": null
    },
    {
      "ProxyMasterId": 612,
      "WebSiteId": 72,
      "WebSiteName": "",
      "IPAddress": "zproxy.luminati.io:22225",
      "Vendor": "Luminati-Air",
      "ProxyCategory": "LUM-AIR",
      "CountryId": 85,
      "CostGroupId": 10,
      "ProxyOptionGroupId": 34567,
      "UserId": "lum-customer-rategain-zone-loair-country-de-session-45416467",
      "Password": "9fc1e2de9699",
      "HitCount": 10,
      "HitIncreaseValue": 1,
      "IsMulitpleIPS": false,
      "MaxIPs": 5000,
      "IgnoreCostGroupId": 0,
      "IsActive": 0,
      "Remark": null,
      "ProductId": 0,
      "ProxyCountryID": null
    },
    {
      "ProxyMasterId": 606,
      "WebSiteId": 72,
      "WebSiteName": "",
      "IPAddress": "zproxy.luminati.io:22225",
      "Vendor": "Luminati-Air",
      "ProxyCategory": "LUM-AIR",
      "CountryId": 102,
      "CostGroupId": 10,
      "ProxyOptionGroupId": 34573,
      "UserId": "lum-customer-rategain-zone-loair-country-in-session-45061724",
      "Password": "9fc1e2de9699",
      "HitCount": 10,
      "HitIncreaseValue": 1,
      "IsMulitpleIPS": false,
      "MaxIPs": 5000,
      "IgnoreCostGroupId": 0,
      "IsActive": 0,
      "Remark": null,
      "ProductId": 0,
      "ProxyCountryID": null
    },
    {
      "ProxyMasterId": 616,
      "WebSiteId": 72,
      "WebSiteName": "",
      "IPAddress": "zproxy.luminati.io:22225",
      "Vendor": "Luminati-Air",
      "ProxyCategory": "LUM-AIR",
      "CountryId": 41,
      "CostGroupId": 10,
      "ProxyOptionGroupId": 34559,
      "UserId": "lum-customer-rategain-zone-loair-country-ca-session-90981571",
      "Password": "9fc1e2de9699",
      "HitCount": 19,
      "HitIncreaseValue": 1,
      "IsMulitpleIPS": false,
      "MaxIPs": 5000,
      "IgnoreCostGroupId": 0,
      "IsActive": 0,
      "Remark": null,
      "ProductId": 0,
      "ProxyCountryID": null
    },
    {
      "ProxyMasterId": 603,
      "WebSiteId": 72,
      "WebSiteName": "",
      "IPAddress": "zproxy.luminati.io:22225",
      "Vendor": "Luminati-Air",
      "ProxyCategory": "LUM-AIR",
      "CountryId": 99,
      "CostGroupId": 10,
      "ProxyOptionGroupId": 34570,
      "UserId": "lum-customer-rategain-zone-loair-country-hk-session-78963641",
      "Password": "9fc1e2de9699",
      "HitCount": 1,
      "HitIncreaseValue": 1,
      "IsMulitpleIPS": false,
      "MaxIPs": 5000,
      "IgnoreCostGroupId": 0,
      "IsActive": 0,
      "Remark": null,
      "ProductId": 0,
      "ProxyCountryID": null
    },
    {
      "ProxyMasterId": 610,
      "WebSiteId": 72,
      "WebSiteName": "",
      "IPAddress": "zproxy.luminati.io:22225",
      "Vendor": "Luminati-Air",
      "ProxyCategory": "LUM-AIR",
      "CountryId": 79,
      "CostGroupId": 10,
      "ProxyOptionGroupId": 34565,
      "UserId": "lum-customer-rategain-zone-loair-country-fr-session-3394370",
      "Password": "9fc1e2de9699",
      "HitCount": 11,
      "HitIncreaseValue": 1,
      "IsMulitpleIPS": false,
      "MaxIPs": 5000,
      "IgnoreCostGroupId": 0,
      "IsActive": 0,
      "Remark": null,
      "ProductId": 0,
      "ProxyCountryID": null
    },
    {
      "ProxyMasterId": 617,
      "WebSiteId": 72,
      "WebSiteName": "",
      "IPAddress": "zproxy.luminati.io:22225",
      "Vendor": "Luminati-Air",
      "ProxyCategory": "LUM-AIR",
      "CountryId": 48,
      "CostGroupId": 10,
      "ProxyOptionGroupId": 34560,
      "UserId": "lum-customer-rategain-zone-loair-country-cn-session-46940106",
      "Password": "9fc1e2de9699",
      "HitCount": 5,
      "HitIncrstep4easeValue": 5,
      "IsMulitpleIPS": false,
      "MaxIPs": 5000,
      "IgnoreCostGroupId": 0,
      "IsActive": 0,
      "Remark": null,
      "ProductId": 0,
      "ProxyCountryID": null
    },
    {
      "ProxyMasterId": 615,
      "WebSiteId": 72,
      "WebSiteName": "",
      "IPAddress": "zproxy.luminati.io:22225",
      "Vendor": "Luminati-Air",
      "ProxyCategory": "LUM-AIR",
      "CountryId": 39,
      "CostGroupId": 10,
      "ProxyOptionGroupId": 34558,
      "UserId": "lum-customer-rategain-zone-loair-country-kh-session-51732202",
      "Password": "9fc1e2de9699",
      "HitCount": 20,
      "HitIncreaseValue": 5,
      "IsMulitpleIPS": false,
      "MaxIPs": 5000,
      "IgnoreCostGroupId": 0,
      "IsActive": 0,
      "Remark": null,
      "ProductId": 0,
      "ProxyCountryID": null
    },
    {
      "ProxyMasterId": 619,
      "WebSiteId": 72,
      "WebSiteName": "",
      "IPAddress": "zproxy.luminati.io:22225",
      "Vendor": "Luminati-Air",
      "ProxyCategory": "LUM-AIR",
      "CountryId": 60,
      "CostGroupId": 10,
      "ProxyOptionGroupId": 34562,
      "UserId": "lum-customer-rategain-zone-loair-country-dk-session-27525526",
      "Password": "9fc1e2de9699",
      "HitCount": 2,
      "HitIncreaseValue": 1,
      "IsMulitpleIPS": false,
      "MaxIPs": 5000,
      "IgnoreCostGroupId": 0,
      "IsActive": 0,
      "Remark": null,
      "ProductId": 0,
      "ProxyCountryID": null
    },
    {
      "ProxyMasterId": 502,
      "WebSiteId": 72,
      "WebSiteName": "",
      "IPAddress": "zproxy.luminati.io:22225",
      "Vendor": "BK-Luminati",
      "ProxyCategory": "LUM-AIR",
      "CountryId": 13,
      "CostGroupId": 10,
      "ProxyOptionGroupId": 34551,
      "UserId": "lum-customer-rategain-zone-loair-country-au-session-70809210",
      "Password": "9fc1e2de9699",
      "HitCount": 71,
      "HitIncreaseValue": 1,
      "IsMulitpleIPS": false,
      "MaxIPs": 5000,
      "IgnoreCostGroupId": 0,
      "IsActive": 0,
      "Remark": null,
      "ProductId": 0,
      "ProxyCountryID": null
    },
    {
      "ProxyMasterId": 555,
      "WebSiteId": 72,
      "WebSiteName": "",
      "IPAddress": "zproxy.luminati.io:22225",
      "Vendor": "BK-Luminati",
      "ProxyCategory": "LUM-AIR",
      "CountryId": 102,
      "CostGroupId": 10,
      "ProxyOptionGroupId": 34573,
      "UserId": "lum-customer-rategain-zone-loair-country-in-session-96028872",
      "Password": "9fc1e2de9699",
      "HitCount": 13,
      "HitIncreaseValue": 1,
      "IsMulitpleIPS": false,
      "MaxIPs": 5000,
      "IgnoreCostGroupId": 0,
      "IsActive": 0,
      "Remark": null,
      "ProductId": 0,
      "ProxyCountryID": null
    },
    {
      "ProxyMasterId": 562,
      "WebSiteId": 72,
      "WebSiteName": "",
      "IPAddress": "zproxy.luminati.io:22225",
      "Vendor": "BK-Luminati",
      "ProxyCategory": "LUM-AIR",
      "CountryId": 88,
      "CostGroupId": 10,
      "Proxystep4OptionGroupId": 34568,
      "UserId": "lum-customer-rategain-zone-loair-country-gr-session-40109692",
      "Password": "9fc1e2de9699",
      "HitCount": 7,
      "HitIncreaseValue": 1,
      "IsMulitpleIPS": false,
      "MaxIPs": 5000,
      "IgnoreCostGroupId": 0,
      "IsActive": 0,
      "Remark": null,
      "ProductId": 0,
      "ProxyCountryID": null
    },
    {
      "ProxyMasterId": 506,
      "WebSiteId": 72,
      "WebSiteName": "",
      "IPAddress": "zproxy.luminati.io:22225",
      "Vendor": "BK-Luminati",
      "ProxyCategory": "LUM-AIR",
      "CountryId": 22,
      "CostGroupId": 10,
      "ProxyOptionGroupId": 34555,
      "UserId": "lum-customer-rategain-zone-loair-country-be-session-90543924",
      "Password": "9fc1e2de9699",
      "HitCount": 27,
      "HitIncreaseValue": 2,
      "IsMulitpleIPS": false,
      "MaxIPs": 5000,
      "IgnoreCostGroupId": 0,
      "IsActive": 0,
      "Remark": null,
      "ProductId": 0,
      "ProxyCountryID": null
    },
    {
      "ProxyMasterId": 565,
      "WebSiteId": 72,
      "WebSiteName": "",
      "IPAddress": "zproxy.luminati.io:22225",
      "Vendor": "BK-Luminati",
      "ProxyCategory": "LUM-AIR",
      "CountryId": 41,
      "CostGroupId": 10,
      "ProxyOptionGroupId": 34559,
      "UserId": "lum-customer-rategain-zone-loair-country-ca-session-47793823",
      "Password": "9fc1e2de9699",
      "HitCount": 23,
      "HitIncreaseValue": 1,
      "IsMulitpleIPS": false,
      "MaxIPs": 5000,
      "IgnoreCostGroupId": 0,
      "IsActive": 0,
      "Remark": null,
      "ProductId": 0,
      "ProxyCountryID": null
    },
    {
      "ProxyMasterId": 551,
      "WebSiteId": 72,
      "WebSiteName": "",
      "IPAddress": "zproxy.luminati.io:22225",
      "Vendor": "BK-Luminati",
      "ProxyCategory": "LUM-AIR",
      "CountryId": 92,
      "CostGroupId": 10,
      "ProxyOptionGroupId": 34569,
      "UserId": "lum-customer-rategain-zone-loair-country-gu-session-29876823",
      "Password": "9fc1e2de9699",
      "HitCount": 2,
      "HitIncreaseValue": 1,
      "IsMulitpleIPS": false,
      "MaxIPs": 5000,
      "IgnoreCostGroupId": 0,
      "IsActive": 0,
      "Remark": null,
      "ProductId": 0,
      "ProxyCountryID": null
    },
    {
      "ProxyMasterId": 557,
      "WebSiteId": 72,
      "WebSiteName": "",
      "IPAddress": "zproxy.luminati.io:22225",
      "Vendor": "Luminati-Air",
      "ProxyCategory": "LUM-AIR",
      "CountryId": 22,
      "CostGroupId": 10,
      "ProxyOptionGroupId": 34555,
      "UserId": "lum-customer-rategain-zone-loair-country-be-session-6244035",
      "Password": "9fc1e2de9699",
      "HitCount": 27,
      "HitIncreaseValue": 2,
      "IsMulitpleIPS": false,
      "MaxIPs": 5000,
      "IgnoreCostGroupId": 0,
      "IsActive": 0,
      "Remark": null,
      "ProductId": 0,
      "ProxyCountryID": null
    },
    {
      "ProxyMasterId": 554,
      "WebSiteId": 72,
      "WebSiteName": "",
      "IPAddress": "zproxy.luminati.io:22225",
      "Vendor": "Luminati-Air",
      "ProxyCategory": "LUM-AIR",
      "CountryId": 14,
      "CostGroupId": 10,
      "ProxyOptionGroupId": 34552,
      "UserId": "lum-customer-rategain-zone-loair-country-at-session-32741350",
      "Password": "9fc1e2de9699",
      "HitCount": 91,
      "HitIncreaseValue": 2,
      "IsMulitpleIPS": false,
      "MaxIPs": 5000,
      "IgnoreCostGroupId": 0,
      "IsActive": 0,
      "Remark": null,
      "ProductId": 0,
      "ProxyCountryID": null
    },
    {
      "ProxyMasterId": 568,
      "WebSiteId": 72,
      "WebSiteName": "",
      "IPAddress": "zproxy.luminati.io:22225",
      "Vendor": "BK-Luminati",
      "ProxyCategory": "LUM-AIR",
      "CountryId": 60,
      "CostGroupId": 10,
      "ProxyOptionGroupId": 34562,
      "UserId": "lum-customer-rategain-zone-loair-country-dk-session-59405",
      "Password": "9fc1e2de9699",
      "HitCount": 2,
      "HitIncreaseValue": 1,
      "IsMulitpleIPS": false,
      "MaxIPs": 5000,
      "IgnoreCostGroupId": 0,
      "IsActive": 0,
      "Remark": null,
      "ProductId": 0,
      "ProxyCountryID": null
    },
    {
      "ProxyMasterId": 612,
      "WebSiteId": 72,
      "WebSiteName": "",
      "IPAddress": "zproxy.luminati.io:22225",
      "Vendor": "Luminati-Air",
      "ProxyCategory": "LUM-AIR",
      "CountryId": 85,
      "CostGroupId": 10,
      "ProxyOptionGroupId": 34567,
      "UserId": "lum-customer-rategain-zone-loair-country-de-session-93811420",
      "Password": "9fc1e2de9699",
      "HitCount": 10,
      "HitIncreaseValue": 1,
      "IsMulitpleIPS": false,
      "MaxIPs": 5000,
      "IgnoreCostGroupId": 0,
      "IsActive": 0,
      "Remark": null,
      "ProductId": 0,
      "ProxyCountryID": null
    },
    {
      "ProxyMasterId": 566,
      "WebSiteId": 72,
      "WebSiteName": "",
      "IPAddress": "zproxy.luminati.io:22225",
      "Vendor": "BK-Luminati",
      "ProxyCategory": "LUM-AIR",
      "CountryId": 48,
      "CostGroupId": 10,
      "ProxyOptionGroupId": 34560,
      "UserId": "lum-customer-rategain-zone-loair-country-cn-session-39390538",
      "Password": "9fc1e2de9699",
      "HitCount": 5,
      "HitIncreaseValue": 5,
      "IsMulitpleIPS": false,
      "MaxIPs": 5000,
      "IgnoreCostGroupId": 0,
      "IsActive": 0,
      "Remark": null,
      "ProductId": 0,
      "ProxyCountryID": null
    },
    {
      "ProxyMasterId": 562,
      "WebSiteId": 72,
      "WebSiteName": "",
      "IPAddress": "zproxy.luminati.io:22225",
      "Vendor": "BK-Luminati",
      "ProxyCategory": "LUM-AIR",
      "CountryId": 88,
      "CostGroupId": 10,
      "ProxyOptionGroupId": 34568,
      "UserId": "lum-customer-rategain-zone-loair-country-gr-session-9332048",
      "Password": "9fc1e2de9699",
      "HitCount": 7,
      "HitIncreaseValue": 1,
      "IsMulitpleIPS": false,
      "MaxIPs": 5000,
      "IgnoreCostGroupId": 0,
      "IsActive": 0,
      "Remark": null,
      "ProductId": 0,
      "ProxyCountryID": null
    },
    {
      "ProxyMasterId": 566,
      "WebSiteId": 72,
      "WebSiteName": "",
      "IPAddress": "zproxy.luminati.io:22225",
      "Vendor": "BK-Luminati",
      "ProxyCategory": "LUM-AIR",
      "CountryId": 48,
      "CostGroupId": 10,
      "ProxyOptionGroupId": 34560,
      "UserId": "lum-customer-rategain-zone-loair-country-cn-session-20316785",
      "Password": "9fc1e2de9699",
      "HitCount": 5,
      "HitIncreaseValue": 5,
      "IsMulitpleIPS": false,
      "MaxIPs": 5000,
      "IgnoreCostGroupId": 0,
      "IsActive": 0,
      "Remark": null,
      "ProductId": 0,
      "ProxyCountryID": null
    },
    {
      "ProxyMasterId": 609,
      "WebSiteId": 72,
      "WebSiteName": "",
      "IPAddress": "zproxy.luminati.io:22225",
      "Vendor": "Luminati-Air",
      "ProxyCategory": "LUM-AIR",
      "CountryId": 78,
      "CostGroupId": 10,
      "ProxyOptionGroupId": 34564,
      "UserId": "lum-customer-rategain-zone-loair-country-fi-session-19778271",
      "Password": "9fc1e2de9699",
      "HitCount": 0,
      "HitIncreaseValue": 1,
      "IsMulitpleIPS": false,
      "MaxIPs": 5000,
      "IgnoreCostGroupId": 0,
      "IsActive": 0,
      "Remark": null,
      "ProductId": 0,
      "ProxyCountryID": null
    },
    {
      "ProxyMasterId": 617,
      "WebSiteId": 72,
      "WebSiteName": "",
      "IPAddress": "zproxy.luminati.io:22225",
      "Vendor": "Luminati-Air",
      "ProxyCategory": "LUM-AIR",
      "CountryId": 48,
      "CostGroupId": 10,
      "ProxyOptionGroupId": 34560,
      "UserId": "lum-customer-rategain-zone-loair-country-cn-session-37095302",
      "Password": "9fc1e2de9699",
      "HitCount": 5,
      "HitIncreaseValue": 5,
      "IsMulitpleIPS": false,
      "MaxIPs": 5000,
      "IgnoreCostGroupId": 0,
      "IsActive": 0,
      "Remark": null,
      "ProductId": 0,
      "ProxyCountryID": null
    },
    {
      "ProxyMasterId": 602,
      "WebSiteId": 72,
      "WebSiteName": "",
      "IPAddress": "zproxy.luminati.io:22225",
      "Vendor": "Luminati-Air",
      "ProxyCategory": "LUM-AIR",
      "CountryId": 92,
      "CostGroupId": 10,
      "ProxyOptionGroupId": 34569,
      "UserId": "lum-customer-rategain-zone-loair-country-gu-session-25994300",
      "Password": "9fc1e2de9699",
      "HitCount": 2,
      "HitIncreaseValue": 1,
      "IsMulitpleIPS": false,
      "MaxIPs": 5000,
      "IgnoreCostGroupId": 0,
      "IsActive": 0,
      "Remark": null,
      "ProductId": 0,
      "ProxyCountryID": null
    },
    {
      "ProxyMasterId": 552,
      "WebSiteId": 72,
      "WebSiteName": "",
      "IPAddress": "zproxy.luminati.io:22225",
      "Vendor": "BK-Luminati",
      "ProxyCategory": "LUM-AIR",
      "CountryId": 99,
      "CostGroupId": 10,
      "ProxyOptionGroupId": 34570,
      "UserId": "lum-customer-rategain-zone-loair-country-hk-session-88162025",
      "Password": "9fc1e2de9699",
      "HitCount": 1,
      "HitIncreaseValue": 1,
      "IsMulitpleIPS": false,
      "MaxIPs": 5000,
      "IgnoreCostGroupId": 0,
      "IsActive": 0,
      "Remark": null,
      "ProductId": 0,
      "ProxyCountryID": null
    },
    {
      "ProxyMasterId": 504,
      "WebSiteId": 72,
      "WebSiteName": "",
      "IPAddress": "zproxy.luminati.io:22225",
      "Vendor": "BK-Luminati",
      "ProxyCategory": "LUM-AIR",
      "CountryId": 18,
      "CostGroupId": 10,
      "ProxyOptionGroupId": 34553,
      "UserId": "lum-customer-rategain-zone-loair-country-bh-session-3386354",
      "Password": "9fc1e2de9699",
      "HitCount": 13,
      "HitIncreaseValue": 1,
      "IsMulitpleIPS": false,
      "MaxIPs": 5000,
      "IgnoreCostGroupId": 0,
      "IsActive": 0,
      "Remark": null,
      "ProductId": 0,
      "ProxyCountryID": null
    },
    {
      "ProxyMasterId": 554,
      "WebSiteId": 72,
      "WebSiteName": "",
      "IPAddress": "zproxy.luminati.io:22225",
      "Vendor": "BK-Luminati",
      "ProxyCategory": "LUM-AIR",
      "CountryId": 101,
      "CostGroupId": 10,
      "ProxyOptionGroupId": 34572,
      "UserId": "lum-customer-rategain-zone-loair-country-is-session-19397751",
      "Password": "9fc1e2de9699",
      "HitCount": 91,
      "HitIncreaseValue": 1,
      "IsMulitpleIPS": false,
      "MaxIPs": 5000,
      "IgnoreCostGroupId": 0,
      "IsActive": 0,
      "Remark": null,
      "ProductId": 0,
      "ProxyCountryID": null
    },
    {
      "ProxyMasterId": 557,
      "WebSiteId": 72,
      "WebSiteName": "",
      "IPAddress": "zproxy.luminati.io:22225",
      "Vendor": "BK-Luminati",
      "ProxyCategory": "LUM-AIR",
      "CountryId": 77,
      "CostGroupId": 10,
      "ProxyOptionGroupId": 34563,
      "UserId": "lum-customer-rategain-zone-loair-country-fj-session-18926058",
      "Password": "9fc1e2de9699",
      "HitCount": 27,
      "HitIncreaseValue": 1,
      "IsMulitpleIPS": false,
      "MaxIPs": 5000,
      "IgnoreCostGroupId": 0,
      "IsActive": 0,
      "Remark": null,
      "ProductId": 0,
      "ProxyCountryID": null
    },
    {
      "ProxyMasterId": 554,
      "WebSiteId": 72,
      "WebSiteName": "",
      "IPAddress": "zproxy.luminati.io:22225",
      "Vendor": "Luminati-Air",
      "ProxyCategory": "LUM-AIR",
      "CountryId": 14,
      "CostGroupId": 10,
      "ProxyOptionGroupId": 34552,
      "UserId": "lum-customer-rategain-zone-loair-country-at-session-20713928",
      "Password": "9fc1e2de9699",
      "HitCount": 55,
      "HitIncreaseValue": 2,
      "IsMulitpleIPS": false,
      "MaxIPs": 5000,
      "IgnoreCostGroupId": 0,
      "IsActive": 0,
      "Remark": null,
      "ProductId": 0,
      "ProxyCountryID": null
    },
    {
      "ProxyMasterId": 554,
      "WebSiteId": 72,
      "WebSiteName": "",
      "IPAddress": "zproxy.luminati.io:22225",
      "Vendor": "BK-Luminati",
      "ProxyCategory": "LUM-AIR",
      "CountryId": 101,
      "CostGroupId": 10,
      "ProxyOptionGroupId": 34572,
      "UserId": "lum-customer-rategain-zone-loair-country-is-session-85371757",
      "Password": "9fc1e2de9699",
      "HitCount": 55,
      "HitIncreaseValue": 1,
      "IsMulitpleIPS": false,
      "MaxIPs": 5000,
      "IgnoreCostGroupId": 0,
      "IsActive": 0,
      "Remark": null,
      "ProductId": 0,
      "ProxyCountryID": null
    },
    {
      "ProxyMasterId": 561,
      "WebSiteId": 72,
      "WebSiteName": "",
      "IPAddress": "zproxy.luminati.io:22225",
      "Vendor": "BK-Luminati",
      "ProxyCategory": "LUM-AIR",
      "CountryId": 85,
      "CostGroupId": 10,
      "ProxyOptionGroupId": 34567,
      "UserId": "lum-customer-rategain-zone-loair-country-de-session-96693473",
      "Password": "9fc1e2de9699",
      "HitCount": 10,
      "HitIncreaseValue": 1,
      "IsMulitpleIPS": false,
      "MaxIPs": 5000,
      "IgnoreCostGroupId": 0,
      "IsActive": 0,
      "Remark": null,
      "ProductId": 0,
      "ProxyCountryID": null
    },
    {
      "ProxyMasterId": 554,
      "WebSiteId": 72,
      "WebSiteName": "",
      "IPAddress": "zproxy.luminati.io:22225",
      "Vendor": "Luminati-Air",
      "ProxyCategory": "LUM-AIR",
      "CountryId": 14,
      "CostGroupId": 10,
      "ProxyOptionGroupId": 34552,
      "UserId": "lum-customer-rategain-zone-loair-country-at-session-4942007",
      "Password": "9fc1e2de9699",
      "HitCount": 91,
      "HitIncreaseValue": 2,
      "IsMulitpleIPS": false,
      "MaxIPs": 5000,
      "IgnoreCostGroupId": 0,
      "IsActive": 0,
      "Remark": null,
      "ProductId": 0,
      "ProxyCountryID": null
    },
    {
      "ProxyMasterId": 554,
      "WebSiteId": 72,
      "WebSiteName": "",
      "IPAddress": "zproxy.luminati.io:22225",
      "Vendor": "BK-Luminati",
      "ProxyCategory": "LUM-AIR",
      "CountryId": 101,
      "CostGroupId": 10,
      "ProxyOptionGroupId": 34572,
      "UserId": "lum-customer-rategain-zone-loair-country-is-session-22501425",
      "Password": "9fc1e2de9699",
      "HitCount": 55,
      "HitIncreaseValue": 1,
      "IsMulitpleIPS": false,
      "MaxIPs": 5000,
      "IgnoreCostGroupId": 0,
      "IsActive": 0,
      "Remark": null,
      "ProductId": 0,
      "ProxyCountryID": null
    },
    {
      "ProxyMasterId": 503,
      "WebSiteId": 72,
      "WebSiteName": "",
      "IPAddress": "zproxy.luminati.io:22225",
      "Vendor": "BK-Luminati",
      "ProxyCategory": "LUM-AIR",
      "CountryId": 14,
      "CostGroupId": 10,
      "ProxyOptionGroupId": 34552,
      "UserId": "lum-customer-rategain-zone-loair-country-at-session-81657580",
      "Password": "9fc1e2de9699",
      "HitCount": 91,
      "HitIncreaseValue": 2,
      "IsMulitpleIPS": false,
      "MaxIPs": 5000,
      "IgnoreCostGroupId": 0,
      "IsActive": 0,
      "Remark": null,
      "ProductId": 0,
      "ProxyCountryID": null
    },
    {
      "ProxyMasterId": 505,
      "WebSiteId": 72,
      "WebSiteName": "",
      "IPAddress": "zproxy.luminati.io:22225",
      "Vendor": "BK-Luminati",
      "ProxyCategory": "LUM-AIR",
      "CountryId": 19,
      "CostGroupId": 10,
      "ProxyOptionGroupId": 34554,
      "UserId": "lum-customer-rategain-zone-loair-country-bd-session-58354891",
      "Password": "9fc1e2de9699",
      "HitCount": 2,
      "HitIncreaseValue": 2,
      "IsMulitpleIPS": false,
      "MaxIPs": 5000,
      "IgnoreCostGroupId": 0,
      "IsActive": 0,
      "Remark": null,
      "ProductId": 0,
      "ProxyCountryID": null
    },
    {
      "ProxyMasterId": 561,
      "WebSiteId": 72,
      "WebSiteName": "",
      "IPAddress": "zproxy.luminati.io:22225",
      "Vendor": "BK-Luminati",
      "ProxyCategory": "LUM-AIR",
      "CountryId": 85,
      "CostGroupId": 10,
      "ProxyOptionGroupId": 34567,
      "UserId": "lum-customer-rategain-zone-loair-country-de-session-32010657",
      "Password": "9fc1e2de9699",
      "HitCount": 3,
      "HitIncreaseValue": 1,
      "IsMulitpleIPS": false,
      "MaxIPs": 5000,
      "IgnoreCostGroupId": 0,
      "IsActive": 0,
      "Remark": null,
      "ProductId": 0,
      "ProxyCountryID": null
    },
    {
      "ProxyMasterId": 554,
      "WebSiteId": 72,
      "WebSiteName": "",
      "IPAddress": "zproxy.luminati.io:22225",
      "Vendor": "BK-Luminati",
      "ProxyCategory": "LUM-AIR",
      "CountryId": 101,
      "CostGroupId": 10,
      "ProxyOptionGroupId": 34572,
      "UserId": "lum-customer-rategain-zone-loair-country-is-session-30687617",
      "Password": "9fc1e2de9699",
      "HitCount": 91,
      "HitIncreaseValue": 1,
      "IsMulitpleIPS": false,
      "MaxIPs": 5000,
      "IgnoreCostGroupId": 0,
      "IsActive": 0,
      "Remark": null,
      "ProductId": 0,
      "ProxyCountryID": null
    },
    {
      "ProxyMasterId": 554,
      "WebSiteId": 72,
      "WebSiteName": "",
      "IPAddress": "zproxy.luminati.io:22225",
      "Vendor": "Luminati-Air",
      "ProxyCategory": "LUM-AIR",
      "CountryId": 14,
      "CostGroupId": 10,
      "ProxyOptionGroupId": 34552,
      "UserId": "lum-customer-rategain-zone-loair-country-at-session-32360789",
      "Password": "9fc1e2de9699",
      "HitCount": 55,
      "HitIncreaseValue": 2,
      "IsMulitpleIPS": false,
      "MaxIPs": 5000,
      "IgnoreCostGroupId": 0,
      "IsActive": 0,
      "Remark": null,
      "ProductId": 0,
      "ProxyCountryID": null
    },
    {
      "ProxyMasterId": 564,
      "WebSiteId": 72,
      "WebSiteName": "",
      "IPAddress": "zproxy.luminati.io:22225",
      "Vendor": "BK-Luminati",
      "ProxyCategory": "LUM-AIR",
      "CountryId": 39,
      "CostGroupId": 10,
      "ProxyOptionGroupId": 34558,
      "UserId": "lum-customer-rategain-zone-loair-country-kh-session-17399180",
      "Password": "9fc1e2de9699",
      "HitCount": 17,
      "HitIncreaseValue": 5,
      "IsMulitpleIPS": false,
      "MaxIPs": 5000,
      "IgnoreCostGroupId": 0,
      "IsActive": 0,
      "Remark": null,
      "ProductId": 0,
      "ProxyCountryID": null
    },
    {
      "ProxyMasterId": 604,
      "WebSiteId": 72,
      "WebSiteName": "",
      "IPAddress": "zproxy.luminati.io:22225",
      "Vendor": "Luminati-Air",
      "ProxyCategory": "LUM-AIR",
      "CountryId": 100,
      "CostGroupId": 10,
      "ProxyOptionGroupId": 34571,
      "UserId": "lum-customer-rategain-zone-loair-country-hu-session-29526486",
      "Password": "9fc1e2de9699",
      "HitCount": 47,
      "HitIncreaseValue": 1,
      "IsMulitpleIPS": false,
      "MaxIPs": 5000,
      "IgnoreCostGroupId": 0,
      "IsActive": 0,
      "Remark": null,
      "ProductId": 0,
      "ProxyCountryID": null
    },
    {
      "ProxyMasterId": 558,
      "WebSiteId": 72,
      "WebSiteName": "",
      "IPAddress": "zproxy.luminati.io:22225",
      "Vendor": "BK-Luminati",
      "ProxyCategory": "LUM-AIR",
      "CountryId": 78,
      "CostGroupId": 10,
      "ProxyOptionGroupId": 34564,
      "UserId": "lum-customer-rategain-zone-loair-country-fi-session-636861",
      "Password": "9fc1e2de9699",
      "HitCount": 0,
      "HitIncreaseValue": 1,
      "IsMulitpleIPS": false,
      "MaxIPs": 5000,
      "IgnoreCostGroupId": 0,
      "IsActive": 0,
      "Remark": null,
      "ProductId": 0,
      "ProxyCountryID": null
    },
    {
      "ProxyMasterId": 558,
      "WebSiteId": 72,
      "WebSiteName": "",
      "IPAddress": "zproxy.luminati.io:22225",
      "Vendor": "Luminati-Air",
      "ProxyCategory": "LUM-AIR",
      "CountryId": 31,
      "CostGroupId": 10,
      "ProxyOptionGroupId": 34556,
      "UserId": "lum-customer-rategain-zone-loair-country-br-session-62722012",
      "Password": "9fc1e2de9699",
      "HitCount": 0,
      "HitIncreaseValue": 2,
      "IsMulitpleIPS": false,
      "MaxIPs": 5000,
      "IgnoreCostGroupId": 0,
      "IsActive": 0,
      "Remark": null,
      "ProductId": 0,
      "ProxyCountryID": null
    }
  ],
  "CrawlParams":{
    "url": "https://www.thaiairways.com/en/index.page",
    "startDate": "07/25/2019",
    "endDate": "07/30/2019",
    "startLocationValue": "LON",
    "destinationLocationValue": "BKK",
    "travelClass": "E",
    "paxAdult": "1",
    "paxChild": "0",
    "returnTrip": "true",
    "daysoutdates": "12-Jun-2019,25-Jul-2019,13-Aug-2019,28-Sep-2019",
    "flighttype": "A",
    "passenger": "A",
    "classtypemapped": "E",
    "checkAvailability": "False",
    "returndaysout": "0",
    "depth": "0",
    "getcheapestonly": "False",
    "passengerCount": "1",
    "checkairlineavail": "False",
    "templateId": "2",
    "reference": "",
    "preferredcarriers": "",
    "custom": "",
    "sitecode": "TG",
    "standardsitecode": "TG",
    "pointofsale": "BOM",
    "currency": "USD",
    "sitename": "Thai",
    "userid": 514,
    "classtypeid": 2
  },
  "SystemSettings": {
    "ProductId": 1,
    "AzureStorageAccessKey": "IWuJO0UITxy5NTM5/dB+YhB4obTNufHQieZHHTVTREV2GO9OJedxwacwX5pZqzgV69Sxc6ZCjLZ5h2BLB4ACXA==",
    "AzureStorageContainerName": null,
    "AzureStorageAccount": "adevtestrsood7682",
    "ApiEndPointUrl": "https://35.190.50.56/rgcommon/api/v1/SiteUrlInfo?productId=1",
    "AzureWorkspaceId": "3d8efe25-90f9-4fda-ad10-e76088eadc35",
    "AzureAuthenticationId": "FMxHpiRVeXvU1JbtSmk+JGC4qNVVybyzmFFS3V+w3BU6xQT/pKXIRGIqim+MZIEBRRUeohXnvuwUEMhV3v9C+g=="
  },
  "ApiEndpoints": {
    "ProxyApiBaseUrl": "https://35.190.50.56/rgcommon/api/v1/Proxy",
    "BotInfoApiBaseUrl": "https://35.190.50.56/rgcommon/api/v1/BotInfo",
    "ProxyHitCount": "https://35.190.50.56/rgcommon/api/v1/ProxyHitCount",
    "CloseMessagesUrl": "https://35.190.50.56/rgcommon/api/v1/BotClosedMessage",
    "ClosureServiceUrl": "https://35.227.208.139/air/api/RequestClosure/Parser",
    "StateServiceUrl": "https://35.227.241.7/stateservice/api/RequestState/1",
    "RegistrationUrl": "https://35.227.241.7/LogApi/Api/Registration",
    "LogUrl": "https://35.227.241.7/LogApi/Api/Log",
    "MonitoringServiceUrl": "http://35.236.255.203/api/crawlstat/",
    "CachePageServiceUrl": "http://35.241.25.157/upload/air",
    "CachePageServiceUrlOld": " http://35.199.19.255/RGCache/api/v1/values/SaveFile"
  },
  "QueuePopRecieptId": null,
  "QueueMessageId": null,
  "BotInfo": {
    "BotID": 328,
    "WebsiteID": 529,
    "productId": 1,
    "WebsiteName": "Thai Airways",
    "UserAgent": "Mozilla/5.0 (Windows NT 10.0; WOW64; rv:51.0) Gecko/20100101 Firefox/51.0",
    "ContentType": null,
    "BufferResponse": false,
    "UseCredential": false,
    "UseProxy": true,
    "TimeOutInSec": 120000,
    "Accept": "text/html,application/xhtml+xml,application/xml;q=0.9,*/*;q=0.8",
    "EncodingType": "gzip, deflate",
    "DeleteProxy": false,
    "BaseUrl": "https://www.thaiairways.com/en/index.pag",
    "SaveXml": false,
    "SiteDefaultCurrency": "EUR",
    "MinSleepTimeInMS": 0,
    "MaxSleepTimeInMS": 0,
    "AcceptLanguage": "en-US,en;q=0.5",
    "UseSippCode": false,
    "ProxyCategory": "LUM-AIR",
    "ClosedRegexMsg": null,
    "ProxyCountryID": null,
    "UseUniqueSubnet": false,
    "IgnoreCostGroupID": false,
    "IsActive": true,
    "ExclUdeProxyCategory": null,
    "ProxyWebsiteID": 0,
    "UseDynamicUserAgent": false,
    "UserAgentType": null,
    "DesignCachePage": false,
    "StoreCachePage": true,
    "WriteLog": false,
    "AzureBotRepositoryPath": "https://adevtestrsood7682.blob.core.windows.net/botrepository/billigflieger_puppeteer.zip",
    "BotName": "thaiairways",
    "BotVersion": "1.0.0.1",
    "BotTypeId": 1,
    "BotType": "Puppeteer",
    "BotDescription": null,
    "RequestType": null,
    "ExecutingBinary": "thaiairways.js",
    "DebugMode": true,
    "tempHtmlTags": null,
    "CheapestTemplateId":2,
    "newTabPage":true,
    "HtmlTags": {
      "config":{
        "challengeURL": "https://book.thaiairways.com/distil_r_captcha.html"
      },
      "step1":{
        "url": "https://www.thaiairways.com/en/index.page",
        "htmlTags": {
          "mainTabSelector": {
            "ByXpath": "//*[@id='booking2']",
            "ById": "#booking2",
            "ByClass": "",
            "isOptional": false,
            "parent": null,
            "type": "click",
            "value": null,
            "linked": null,
            "event": null,
            "ignoreAttribute": null,
            "ignoreValue": null,
            "dependency": null,
            "selectorType": "booking"
          },
          "roundTripSelector": {
            "ByXpath": "//*[@id='booking-form']/div[1]/div[1]/div/ul/li[1]/a",
            "ById": "",
            "ByClass": "",
            "isOptional": false,
            "parent": null,
            "type": "click",
            "pattern": "click",
            "value": null,
            "linked": null,
            "event": null,
            "ignoreAttribute": null,
            "ignoreValue": null,
            "dependency": "roundtrip is true",
            "selectorType": "trip",
            "selectorPattern": 1
          },
          "onewayTripSelector": {
            "ByXpath": "//*[@id='booking-form']/div[1]/div[1]/div/ul/li[2]/a",
            "ById": "",
            "ByClass": "",
            "isOptional": false,
            "parent": null,
            "type": "tripselector",
            "pattern": "click",
            "value": null,
            "linked": null,
            "event": null,
            "ignoreAttribute": null,
            "ignoreValue": null,
            "dependency": "roundtrip is false",
            "selectorType": "trip",
            "selectorPattern": 1
          },
          "fromLocationSelector": {
            "ByXpath": "//*[@id='from']",
            "ById": "#from",
            "ByClass": "",
            "isOptional": false,
            "parent": null,
            "type": "input",
            "value": null,
            "mapInputValue":{"LON":"LHR"},
            "linked": null,
            "event": null,
            "ignoreAttribute": null,
            "ignoreValue": null,
            "dependency": null,
            "selectorType": "sourceLocation"
          },
          "fromLocationListSelector": {
            "ByXpath": "",
            "ById": "#ui-id-1 > li >a",
            "ByClass": "",
            "isOptional": false,
            "parent": null,
            "type": "select",
            "value": null,
            "linked": null,
            "event": null,
            "ignoreAttribute": null,
            "regexExpression":"\\[([^)]+)\\]",
            "ignoreValue": null,
            "dependency": null,
            "selectorType": "collectionSourceLocationList"
          },
          "toLocationSelector": {
            "ByXpath": "//*[@id='to']",
            "ById": "#to",
            "ByClass": "",
            "isOptional": false,
            "parent": null,
            "type": "input",
            "value": null,
            "mapInputValue":{"LON":"LHR"},
            "linked": null,
            "event": null,
            "ignoreAttribute": null,
            "ignoreValue": null,
            "dependency": null,
            "selectorType": "destinationLocation"
          },
          "toLocationListSelector": {
            "ByXpath": "",
            "ById": "#ui-id-2 > li >a",
            "ByClass": "",
            "isOptional": false,
            "parent": null,
            "type": "select",
            "value": null,
            "linked": null,
            "event": null,
            "ignoreAttribute": null,
            "ignoreValue": null,
            "regexExpression":"\\[([^)]+)\\]",
            "dependency": null,
            "selectorType": "collectionDestinationLocationList"
          },
   
          "fromDateSelector": {
            "ByXpath": "//*[@id='booking-form']/div[2]/div[1]/div/button",
            "ById": "#booking-form > div:nth-child(2) > div.col-md-4.col-xs-6.dpt > div > button",
            "ByClass": ".ui-datepicker-trigger",
            "isOptional": false,
            "parent": null,
            "type": "calendar",
            "value": null,
            "linked": null,
            "event": null,
            "ignoreAttribute": null,
            "ignoreValue": null,
            "dependency": null,
            "selectorType": "fromCalendar",
            "selectorPattern": 1
          },
          "toDateSelector": {
            "ByXpath": "//*[@id='returndiv']/button",
            "ById": "#returndiv > button",
            "ByClass": "",
            "isOptional": false,
            "parent": null,
            "type": "calendar",
            "value": null,
            "linked": null,
            "event": null,
            "ignoreAttribute": null,
            "ignoreValue": null,
            "dependency": "roundtrip is true",
            "selectorType": "toCalendar",
            "selectorPattern": 1
          },
          "adultsSelector": {
            "ByXpath": "//*[@id='adults']",
            "ById": "#adults",
            "ByClass": "",
            "isOptional": false,
            "parent": null,
            "type": "dropdown",
            "value": "adults",
            "linked": null,
            "event": null,
            "ignoreAttribute": null,
            "ignoreValue": null,
            "dependency": null
          },
          "classTypeSelector": {
            "ByXpath": "//*[@id='classType']",
            "ById": "#classType",
            "ByClass": "",
            "isOptional": true,
            "parent": null,
            "type": "",
            "selectorType": "classtype",
            "pattern":"dropdown",
            "linked": null,
            "event": null,
            "ignoreAttribute": null,
            "ignoreValue": null,
            "dependency": null
          }
        },
        "action": "click",
        "waitForNavigation": false,
        "actionSelector": {
          "ById": "#booking-form > div:nth-child(3) > div.col-md-4.booking_button > div > button",
          "ByClass": "",
          "ByXpath": "//*[@id='booking-form']/div[3]/div[3]/div/button"
        },
        "dependentFlag":"",
        "isRequired": true,
        "type":"main"
      },
      "step2": {
        "url": "",
        "htmlTags": {},
        "action": "click",
        "actionSelector": {
          "ById": "",
          "ByClass": "",
          "ByXpath": ""
        },
        "dependentFlag":"",
        "isRequired": false,
        "type":"advance search"
      },
      "step3": {
        "url": "",
        "htmlTags": {
          "closedSelector":{
            "ByXpath": "//*[@id='global-warning-message']",
            "ById": "#global-warning-message",
            "ByClass": "",
            "isOptional": true,
            "parent": null,
            "type": "closed",
            "value": null,
            "linked": null,
            "event": null,
            "ignoreAttribute": null,
            "ignoreValue": null,
            "dependency": null
          },
          "errorSelector":{
            "ByXpath": "//*[@id='global-error-message']",
            "ById": "#global-error-message",
            "ByClass": "global-error message-panel-styled plnext-message plnext-message-danger alert alert-danger message-show",
            "isOptional": true,
            "parent": null,
            "type": "error",
            "value": null,
            "linked": null,
            "event": null,
            "ignoreAttribute": null,
            "ignoreValue": null,
            "dependency": null
          }
        },
        "action": "click",
        "actionSelector": {
          "ById": "",
          "ByClass": ".tripSummary-btn-continue",
          "ByXpath": ""
        },
        "dependentFlag":"",
        "isRequired": true,
        "type":"calendar"
      },
      "step4": {
        "url": "",
        "manipulateDate": true,
        "newPageNavigation":true,
        "htmlTags": {
          "closedSelectorCalender": {
            "ByXpath": "//*[@id='matrix']",
            "ById": "#matrix",
            "ByClass": "",
            "isOptional": true,
            "parent": null,
            "type": "closed",
            "value": null,
            "linked": null,
            "event": null,
            "ignoreAttribute": null,
            "ignoreValue": null,
            "dependency": null
          },
          "closedSelectorNotAvailable": {
            "ByXpath": "//*[@id='global-error-message']",
            "ById": "#global-error-message",
            "ByClass": "",
            "isOptional": true,
            "parent": null,
            "type": "closed",
            "value": null,
            "linked": null,
            "event": null,
            "ignoreAttribute": null,
            "ignoreValue": null,
            "dependency": null
          },
          "outBoundRootDivSelector": {
            "ById": "#s1",
            "ByClass": "",
            "ByXpath": "//*[@id='s1']",
            "isOptional": false,
            "parent": null,
            "type": "select",
            "value": null,
            "linked": null,
            "event": null,
            "ignoreAttribute": null,
            "ignoreValue": null,
            "dependency": null,
            "isRoot": true,
            "isCombined": false
          },
          "outBoundDivSelector": {
            "ById": "#availability-bound-0",
            "ByClass": "",
            "ByXpath": "",
            "isOptional": false,
            "parent": "outBoundRootDivSelector",
            "type": "select",
            "value": null,
            "linked": null,
            "event": null,
            "ignoreAttribute": null,
            "ignoreValue": null,
            "dependency": null,
            "isRoot": false
          },
          "outBoundTableSelector": {
            "ById": "#tpl3_bound0-bound-table",
            "ByClass": "",
            "ByXpath": "",
            "isOptional": false,
            "parent": "outBoundDivSelector",
            "type": "select",
            "value": null,
            "linked": null,
            "event": null,
            "ignoreAttribute": null,
            "ignoreValue": null,
            "dependency": null,
            "isRoot": false,
            "raise": ""
          },
          "outBoundClassSubTypeSelector": {
            "ById": ".farefamily-header-top > .farefamily-header-container > li > div > .ff-table-header-ff-name",
            "ByClass": "",
            "ByXpath": "",
            "isOptional": false,
            "parent": "outBoundTableSelector",
            "type": "classFilter",
            "value": null,
            "linked": null,
            "event": null,
            "subFilter": {},
            "ignoreAttribute": null,
            "ignoreValue": null,
            "dependency": null,
            "isRoot": false
          },
          "outBoundSelectorDiv": {
            "ById": "#tpl3_upsell-bound0",
            "ByClass": "",
            "ByXpath": "",
            "isOptional": false,
            "parent": "outBoundTableSelector",
            "type": "select",
            "value": null,
            "linked": null,
            "event": null,
            "ignoreAttribute": "",
            "ignoreValue": "",
            "dependency": null,
            "raiseRaw": "",
            "raise": "",
            "isRow": false,
            "flightType": ""
          },
          "outBoundRowSelector": {
            "ById": "",
            "ByClass": ".bound-table-flightline",
            "ByXpath": "",
            "isOptional": false,
            "parent": "outBoundSelectorDiv",
            "type": "select",
            "value": null,
            "linked": null,
            "event": null,
            "ignoreAttribute": "",
            "ignoreValue": "",
            "dependency": null,
            "selectorForJavascript": "if (document.querySelector('.timeout-warning-btn-reset-session')) { document.querySelector('.timeout-warning-btn-reset-session').click() ;}",
            "isRow": true,
            "flightType": "outbound",
            "applyXpath":false,
            "raiseRaw": "flush.cleanUpOutbound",
            "raise":"flush"
          },
          "outBoundCheapestSearchSelector": {
            "ById": ".bound-table-cell-reco",
            "ByClass": "",
            "ByXpath": "",
            "isOptional": false,
            "parent": "outBoundRowSelector",
            "type": "search",
            "value": null,
            "linked": "",
            "event": "",
            "dependency": "reportType is cheapest",
            "classIndicator": "bound-table-cell-reco-available",
            "cheapestIndicatorAttribute": "",
            "cheapestIndicator": "",
            "waitSelector": "",
            "applyBusinessRules": true,
            "flightType": "outbound"
          },
      
          "outboundFlightDepartureDateSelector": {
            "ById": "",
            "ByClass": "",
            "ByXpath": "",
            "isOptional": true,
            "parent": "outBoundRowSelector",
            "type": "extractor",
            "value": "outbound>departureTime",
            "linked": null,
            "event": null,
            "ignoreAttribute": null,
            "ignoreValue": null,
            "dependency": null,
            "setValue": "params>startdate",
            "isReadFromParameters": true
          },
          "outBoundFlightArrivalDate": {
            "ById": ".flight-details-location > .time-day-offset",
            "ByClass": "",
            "ByXpath": "",
            "isOptional": true,
            "parent": "outBoundRowSelector",
            "type": "extractor",
            "expression": {
              "type": 1,
              "pattern": "([+0-9]+)",
              "value": [
                {
                  "index": 0,
                  "expression": {},
                  "value": "arrivalTime"
                }
              ]
            },
            "value": "outbound",
            "linked": null,
            "event": null,
            "ignoreAttribute": null,
            "ignoreValue": null,
            "dependency": null,
            "flightType": "outbound"
          },
          "outBoundFlightTotalDurationSelector": {
            "ById": "div.flight-duration-info > .duration",
            "ByClass": "",
            "ByXpath": "",
            "isOptional": false,
            "parent": "outBoundRowSelector",
            "type": "extractor",
            "expression": {
              "type": 1,
              "pattern": "[0-9]+:[0-9]+",
              "value": [
                {
                  "index": 0,
                  "expression": {},
                  "value": "duration"
                }
              ]
            },
            "value": "outbound",
            "linked": null,
            "event": null,
            "ignoreAttribute": null,
            "ignoreValue": null,
            "dependency": null,
            "flightType": "outbound",
            "readparent": true
          },
          "outBoundFlightDetailsClickSelector": {
            "ById": "",
            "ByClass": ".show-timeline-link",
            "ByXpath": "",
            "isOptional": false,
            "parent": "outBoundRowSelector",
            "type": "click",
            "value": null,
            "linked": null,
            "event": null,
            "ignoreAttribute": "",
            "ignoreValue": "",
            "dependency": null,
            "cheapestIndicatorAttribute": "",
            "cheapestIndicator": "",
            "waitSelector": "",
            "applyBusinessRules": false,
            "selectorForJavascript": "if (document.querySelector('.timeout-warning-btn-reset-session')) { document.querySelector('.timeout-warning-btn-reset-session').click() ;}",
            "raise": "screenshot",
            "flightType": "outbound"
          },
          "outBoundDetailsSelector": {
            "ById": ".timeline-container",
            "ByClass": "",
            "ByXpath": "",
            "isOptional": false,
            "parent": "outBoundRowSelector",
            "type": "select",
            "value": null,
            "linked": null,
            "event": null,
            "ignoreAttribute": null,
            "ignoreValue": null,
            "dependency": null,
            "selectorForJavascript": "if (document.querySelector('.timeout-warning-btn-reset-session')) { document.querySelector('.timeout-warning-btn-reset-session').click() ;}",
            "raise": "",
            "flightType": "outbound"
          },
          "outBoundDetailsflightSelector": {
            "ById": ".segment",
            "ByClass": "",
            "ByXpath": "",
            "isOptional": false,
            "parent": "outBoundDetailsSelector",
            "type": "select",
            "value": null,
            "linked": null,
            "event": null,
            "ignoreAttribute": null,
            "ignoreValue": null,
            "selectorForJavascript": "if (document.querySelector('.timeout-warning-btn-reset-session')) { document.querySelector('.timeout-warning-btn-reset-session').click() ;}",
            "dependency": null,
            "raise": "flush.flightdetails"
          },
          "outBoundFlightLocationSelector": {
            "ById": "",
            "ByClass": ".timeline-location-segment",
            "ByXpath": "",
            "isOptional": false,
            "parent": "outBoundDetailsflightSelector",
            "type": "select",
            "value": null,
            "linked": null,
            "event": null,
            "ignoreAttribute": null,
            "ignoreValue": null,
            "dependency": null
          },
          "outBoundFlightDepartureAirportSelector": {
            "ById": ".leftbound > .timeline-takeoff-locationcode",
            "ByClass": "",
            "ByXpath": "",
            "isOptional": false,
            "parent": "outBoundFlightLocationSelector",
            "type": "extractor",
            "value": "outbound>flightdetails>airportName",
            "linked": null,
            "event": null,
            "ignoreAttribute": null,
            "ignoreValue": null,
            "dependency": null
          },
          "outBoundFlightArrivalAirportSelector": {
            "ById": ".rightbound > .timeline-landing-locationcode",
            "ByClass": "",
            "ByXpath": "",
            "isOptional": false,
            "parent": "outBoundFlightLocationSelector",
            "type": "extractor",
            "value": "outbound>flightdetails>destinationAirport",
            "linked": null,
            "event": null,
            "ignoreAttribute": null,
            "ignoreValue": null,
            "dependency": null
          },
          "outBoundFlightTimeSelector": {
            "ById": "",
            "ByClass": ".timeline-time-segment",
            "ByXpath": "",
            "isOptional": false,
            "parent": "outBoundDetailsflightSelector",
            "type": "select",
            "value": null,
            "linked": null,
            "event": null,
            "ignoreAttribute": null,
            "ignoreValue": null,
            "dependency": null
          },
          "outBoundFlightDepartureTime": {
            "ById": ".timeline-hour-segment > .leftbound",
            "ByClass": "",
            "ByXpath": "",
            "isOptional": false,
            "parent": "outBoundFlightTimeSelector",
            "type": "extractor",
            "value": "outbound>flightdetails>departureTime",
            "linked": null,
            "event": null,
            "ignoreAttribute": null,
            "ignoreValue": null,
            "dependency": null
          },
          "outBoundFlightArrivalTime": {
            "ById": ".timeline-hour-segment > .rightbound",
            "ByClass": "",
            "ByXpath": "",
            "isOptional": false,
            "parent": "outBoundFlightTimeSelector",
            "type": "extractor",
            "value": "outbound>flightdetails>arrivalTime",
            "linked": null,
            "event": null,
            "ignoreAttribute": null,
            "ignoreValue": null,
            "dependency": null
          },
          "outBoundFlightTotalTimeDiv": {
            "ById": ".timeline-flight-duration",
            "ByClass": "",
            "ByXpath": "",
            "isOptional": false,
            "parent": "outBoundDetailsflightSelector",
            "type": "select",
            "value": "",
            "linked": null,
            "event": null,
            "ignoreAttribute": null,
            "ignoreValue": null,
            "dependency": null
          },
          "outBoundFlightTotalTime": {
            "ById": ".timeline-flight-duration-textdate > span",
            "ByClass": "",
            "ByXpath": "",
            "isOptional": false,
            "parent": "outBoundFlightTotalTimeDiv",
            "type": "extractor",
            "value": "outbound>flightdetails>duration",
            "linked": null,
            "event": null,
            "ignoreAttribute": null,
            "ignoreValue": null,
            "dependency": null
          },
          "outBoundFlightSelector": {
            "ById": ".timeline-airline",
            "ByClass": "",
            "ByXpath": "",
            "isOptional": false,
            "parent": "outBoundDetailsflightSelector",
            "type": "select",
            "selectorForJavascript": "if (document.querySelector('.timeout-warning-btn-reset-session')) { document.querySelector('.timeout-warning-btn-reset-session').click() ;}",
            "value": "",
            "linked": null,
            "event": null,
            "ignoreAttribute": null,
            "ignoreValue": null,
            "dependency": null
          },
          "outBoundFlightNumberSelector": {
            "ById": ".flightnumber",
            "ByClass": "",
            "ByXpath": "",
            "isOptional": false,
            "parent": "outBoundFlightSelector",
            "type": "extractor",
            "expression": {
              "type": 1,
              "pattern": "\\(([^)]+)\\)",
              "value": [
                {
                  "index": 0,
                  "expression": {
                    "type": 1,
                    "pattern": "([a-zA-Z0-9][0a-zA-Z0-9])([0-9]+)",
                    "value": [
                      {
                        "index": 1,
                        "expression": {},
                        "value": "airlineCode"
                      },
                      {
                        "index": 2,
                        "expression": {},
                        "value": "flightNumber"
                      }
                    ]
                  },
                  "value": null
                }
              ]
            },
            "value": "outbound>flightdetails",
            "linked": null,
            "event": null,
            "ignoreAttribute": null,
            "ignoreValue": null,
            "dependency": null
          },
          "outBoundAircraftNameSelector": {
            "ById": ".equipment",
            "ByClass": "",
            "ByXpath": "",
            "isOptional": false,
            "parent": "outBoundFlightSelector",
            "type": "extractor",
            "value": "outbound>flightdetails>type",
            "linked": null,
            "event": null,
            "ignoreAttribute": null,
            "ignoreValue": null,
            "dependency": null
          },
          "outBoundClassSelector": {
            "ById": ".bound-table-cell-reco",
            "ByClass": "",
            "ByXpath": "",
            "isOptional": false,
            "parent": "outBoundRowSelector",
            "type": "click",
            "value": null,
            "linked": null,
            "event": "outBounddetailspriceDivSelector",
            "classIndicator": "bound-table-cell-reco-available",
            "rowIgnore": true,
            "dependency": null,
            "cheapestIndicatorAttribute": "",
            "cheapestIndicator": "",
            "waitSelector": "",
            "applyBusinessRules": true,
            "ignoreAction": true,
            "selectorForJavascript": "if (document.querySelector('.timeout-warning-btn-reset-session')) { document.querySelector('.timeout-warning-btn-reset-session').click() ;}",
            "flightType": "outbound"
          },
          "outBounddetailspriceDivSelector": {
            "ById": ".cell-reco-details",
            "ByClass": "",
            "ByXpath": "",
            "isOptional": false,
            "linked": "",
            "parent": "outBoundClassSelector",
            "type": "select",
             "value": null
          },
          "outBoundPriceDivSelector": {
            "ById": ".cell-reco-price",
            "ByClass": "",
            "ByXpath": "",
            "isOptional": false,
            "parent": "outBounddetailspriceDivSelector",
            "type": "select",
            "raise": "flush.pricedetails",
            "value": ""
          },
          "outBoundCurrencySelector": {
            "ById": "abbr",
            "ByClass": "",
            "ByXpath": "",
            "isOptional": false,
            "parent": "outBoundPriceDivSelector",
            "type": "extractor",
            "value": "response>currency"
          },
          "outBoundPriceSelector": {
            "ById": "span",
            "ByClass": "",
            "ByXpath": "",
            "isOptional": false,
            "parent": "outBoundPriceDivSelector",
            "type": "extractor",
            "value": "outbound>price>price"
          },
          "outBoundPriceTaxIncludedSelector": {
            "ById": "",
            "ByClass": "",
            "ByXpath": "",
            "isOptional": false,
            "parent": "outBoundPriceDivSelector",
            "type": "extractor",
            "value": "outbound>price>isTaxIncluded",
            "setValue": true
          },
          "outBoundSelectorLinkInbound": {
            "ById": ".cell-reco-price",
            "ByClass": "",
            "ByXpath": "",
            "isOptional": false,
            "parent": "outBounddetailspriceDivSelector",
            "type": "click",
            "value": null,
            "linked": "inBoundDivSelector",
            "event": null,
            "ignoreAttribute": "class",
            "ignoreValue": "cell-reco-unavailable",
            "dependency": "roundtrip is true",
            "flightType": "",
            "raiseRaw": "flush.collectOutbound"
          },
    
          "inBoundDivSelector": {
            "ById": "#availability-bound-1",
            "ByClass": "",
            "ByXpath": "",
            "isOptional": false,
            "parent": "",
            "type": "select",
            "value": null,
           "linked": "",
            "event": null,
            "ignoreAttribute": null,
            "ignoreValue": null,
            "dependency": null,
            "isRoot": false
          },
          "inBoundTableSelector": {
            "ById": "#tpl3_bound1-bound-table",
            "ByClass": "",
            "ByXpath": "",
            "isOptional": false,
            "parent": "inBoundDivSelector",
            "type": "select",
            "value": null,
            "linked": null,
            "event": null,
            "ignoreAttribute": null,
            "ignoreValue": null,
            "dependency": null,
            "isRoot": false
          },
          "inBoundClassSubTypeSelector": {
            "ById": ".farefamily-header-top > .farefamily-header-container > li > div > .ff-table-header-ff-name",
            "ByClass": "",
            "ByXpath": "",
            "isOptional": false,
            "parent": "inBoundTableSelector",
            "type": "classFilter",
            "value": null,
            "linked": null,
            "event": null,
            "subFilter": {},
            "ignoreAttribute": null,
            "ignoreValue": null,
            "dependency": null,
            "isRoot": false
          },
          "inBoundSelectorDiv": {
            "ById": "#tpl3_upsell-bound1",
            "ByClass": "",
            "ByXpath": "",
            "isOptional": false,
            "parent": "inBoundTableSelector",
            "type": "select",
            "value": null,
            "linked": null,
            "event": null,
            "ignoreAttribute": "",
            "ignoreValue": "",
            "dependency": null,
            "raiseRaw": "",
            "raise": "",
            "isRow": false,
            "flightType": ""
          },
          "inBoundRowSelector": {
            "ById": "",
            "ByClass": ".bound-table-flightline",
            "ByXpath": "",
            "isOptional": false,
            "parent": "inBoundSelectorDiv",
            "type": "select",
            "value": null,
            "linked": null,
            "event": null,
            "ignoreAttribute": "",
            "ignoreValue": "",
            "isRow": true,
            "dependency": "roundtrip is true",
            "raiseRaw": "flush.collectInbound",
            "selectorForJavascript": "if (document.querySelector('.timeout-warning-btn-reset-session')) { document.querySelector('.timeout-warning-btn-reset-session').click() ;}",
            "flightType": "inbound"
            
          },
          "inBoundCheapestSearchSelector": {
            "ById": ".bound-table-cell-reco",
            "ByClass": "",
            "ByXpath": "",
            "isOptional": false,
            "parent": "inBoundRowSelector",
            "type": "search",
            "value": null,
            "linked": "",
            "event": "",
            "dependency": "reportType is cheapest",
            "classIndicator": "bound-table-cell-reco-available",
            "cheapestIndicatorAttribute": "",
            "cheapestIndicator": "",
            "waitSelector": "",
            "applyBusinessRules": true,
            "flightType": "inbound"
          },
          "inBoundClassSelector": {
            "ById": ".bound-table-cell-reco",
            "ByClass": "",
            "ByXpath": "",
            "isOptional": false,
            "parent": "inBoundRowSelector",
            "type": "click",
            "value": null,
            "linked": null,
            "event": "inBounddetailspriceDivSelector",
            "classIndicator": "bound-table-cell-reco-available",
            "rowIgnore": true,
            "dependency": null,
            "cheapestIndicatorAttribute": "",
            "cheapestIndicator": "",
            "waitSelector": "",
            "selectorForJavascript": "if (document.querySelector('.timeout-warning-btn-reset-session')) { document.querySelector('.timeout-warning-btn-reset-session').click() ;}",
            "applyBusinessRules": true,
            "ignoreAction": true,
            "flightType": "inbound"
          },
          "inBounddetailspriceDivSelector": {
            "ById": ".cell-reco-details",
            "ByClass": "",
            "ByXpath": "",
            "isOptional": true,
            "linked": "",
            "parent": "inBoundClassSelector",
            "type": "select",
            "raise": "flush.inboundpricedetails",
            "value": null
          },
          "inBoundPriceSelector": {
            "ById": ".cell-reco-price > span",
            "ByClass": "",
            "ByXpath": "",
            "isOptional": false,
            "parent": "inBounddetailspriceDivSelector",
            "type": "extractor",
            "value": "inbound>price>price"
          },
          "inBoundPriceTaxIncludedSelector": {
            "ById": "",
            "ByClass": "",
            "ByXpath": "",
            "isOptional": false,
            "parent": "inBounddetailspriceDivSelector",
            "type": "extractor",
            "value": "inbound>price>isTaxIncluded",
            "setValue": true
          },
          "inboundFlightDepartureDateSelector": {
            "ById": "",
            "ByClass": "",
            "ByXpath": "",
            "isOptional": true,
            "parent": "inBoundRowSelector",
            "type": "extractor",
            "value": "inbound>departureTime",
            "linked": null,
            "event": null,
            "ignoreAttribute": null,
            "ignoreValue": null,
            "dependency": "roundtrip is true",
            "setValue": "params>endDate",
            "isReadFromParameters": true
          },
          "inBoundFlightArrivalDate": {
            "ById": ".flight-details-location > .time-day-offset",
            "ByClass": "",
            "ByXpath": "",
            "isOptional": true,
            "parent": "inBoundRowSelector",
            "type": "extractor",
            "expression": {
              "type": 1,
              "pattern": "([+0-9]+)",
              "value": [
                {
                  "index": 0,
                  "expression": {},
                  "value": "arrivalTime"
                }
              ]
            },
            "value": "inbound",
            "linked": null,
            "event": null,
            "ignoreAttribute": null,
            "ignoreValue": null,
            "dependency": null,
            "flightType": "inbound"
          },
          "inBoundFlightTotalDurationSelector": {
            "ById": "div.flight-duration-info > .duration",
            "ByClass": "",
            "ByXpath": "",
            "isOptional": false,
            "parent": "inBoundRowSelector",
            "type": "extractor",
            "expression": {
              "type": 1,
              "pattern": "[0-9]+:[0-9]+",
              "value": [
                {
                  "index": 0,
                  "expression": {},
                  "value": "duration"
                }
              ]
            },
            "value": "inbound",
            "linked": null,
            "event": null,
            "ignoreAttribute": null,
            "ignoreValue": null,
            "dependency": null,
            "flightType": "inbound",
            "readparent": true
          },
          "inBoundFlightDetailsClickSelector": {
            "ById": "",
            "ByClass": ".show-timeline-link",
            "ByXpath": "",
            "isOptional": false,
            "parent": "inBoundRowSelector",
            "type": "click",
            "value": null,
            "linked": null,
            "event": null,
            "ignoreAttribute": "",
            "ignoreValue": "",
            "dependency": null,
            "cheapestIndicatorAttribute": "",
            "cheapestIndicator": "",
            "waitSelector": "",
            "applyBusinessRules": false,
            "raise": "screenshot",
            "selectorForJavascript": "if (document.querySelector('.timeout-warning-btn-reset-session')) { document.querySelector('.timeout-warning-btn-reset-session').click() ;}",
            "flightType": "inbound"
          },
          "inBoundDetailsSelector": {
            "ById": ".timeline-container",
            "ByClass": "",
            "ByXpath": "",
            "isOptional": false,
            "parent": "inBoundRowSelector",
            "type": "select",
            "value": null,
            "linked": null,
            "selectorForJavascript": "if (document.querySelector('.timeout-warning-btn-reset-session')) { document.querySelector('.timeout-warning-btn-reset-session').click() ;}",
            "event": null,
            "ignoreAttribute": null,
            "ignoreValue": null,
            "dependency": null,
            "raise": "",
            "flightType": "inbound"
          },
          "inBoundDetailsflightSelector": {
            "ById": ".segment",
            "ByClass": "",
            "ByXpath": "",
            "isOptional": false,
            "parent": "inBoundDetailsSelector",
            "type": "select",
            "value": null,
            "linked": null,
            "event": null,
            "ignoreAttribute": null,
            "ignoreValue": null,
            "dependency": null,
            "raise": "flush.flightdetailsInbound"
          },
          "inBoundFlightLocationSelector": {
            "ById": "",
            "ByClass": ".timeline-location-segment",
            "ByXpath": "",
            "isOptional": false,
            "parent": "inBoundDetailsflightSelector",
            "type": "select",
            "value": null,
            "linked": null,
            "event": null,
            "ignoreAttribute": null,
            "ignoreValue": null,
            "dependency": null
          },
          "inBoundFlightDepartureAirportSelector": {
            "ById": ".leftbound > .timeline-takeoff-locationcode",
            "ByClass": "",
            "ByXpath": "",
            "isOptional": false,
            "parent": "inBoundFlightLocationSelector",
            "type": "extractor",
            "value": "inBound>flightdetails>airportName",
            "linked": null,
            "event": null,
            "ignoreAttribute": null,
            "ignoreValue": null,
            "dependency": null
          },
          "inBoundFlightArrivalAirportSelector": {
            "ById": ".rightbound > .timeline-landing-locationcode",
            "ByClass": "",
            "ByXpath": "",
            "isOptional": false,
            "parent": "inBoundFlightLocationSelector",
            "type": "extractor",
            "value": "inbound>flightdetails>destinationAirport",
            "linked": null,
            "event": null,
            "ignoreAttribute": null,
            "ignoreValue": null,
            "dependency": null
          },
          "inBoundFlightTimeSelector": {
            "ById": "",
            "ByClass": ".timeline-time-segment",
            "ByXpath": "",
            "isOptional": false,
            "parent": "inBoundDetailsflightSelector",
            "type": "select",
            "value": null,
            "linked": null,
            "event": null,
            "selectorForJavascript": "if (document.querySelector('.timeout-warning-btn-reset-session')) { document.querySelector('.timeout-warning-btn-reset-session').click() ;}",
            "ignoreAttribute": null,
            "ignoreValue": null,
            "dependency": null
          },
          "inBoundFlightDepartureTime": {
            "ById": ".timeline-hour-segment > .leftbound",
            "ByClass": "",
            "ByXpath": "",
            "isOptional": false,
            "parent": "inBoundFlightTimeSelector",
            "type": "extractor",
            "value": "inbound>flightdetails>departureTime",
            "linked": null,
            "event": null,
            "ignoreAttribute": null,
            "ignoreValue": null,
            "dependency": null
          },
          "inBoundFlightArrivalTime": {
            "ById": ".timeline-hour-segment > .rightbound",
            "ByClass": "",
            "ByXpath": "",
            "isOptional": false,
            "parent": "inBoundFlightTimeSelector",
            "type": "extractor",
            "value": "inbound>flightdetails>arrivalTime",
            "linked": null,
            "event": null,
            "ignoreAttribute": null,
            "ignoreValue": null,
            "dependency": null
          },
          "inBoundFlightTotalTimeDiv": {
            "ById": ".timeline-flight-duration",
            "ByClass": "",
            "ByXpath": "",
            "isOptional": false,
            "parent": "inBoundDetailsflightSelector",
            "type": "select",
            "value": "",
            "linked": null,
            "selectorForJavascript": "if (document.querySelector('.timeout-warning-btn-reset-session')) { document.querySelector('.timeout-warning-btn-reset-session').click() ;}",
            "event": null,
            "ignoreAttribute": null,
            "ignoreValue": null,
            "dependency": null
          },
          "inBoundFlightTotalTime": {
            "ById": ".timeline-flight-duration-textdate > span",
            "ByClass": "",
            "ByXpath": "",
            "isOptional": false,
            "parent": "inBoundFlightTotalTimeDiv",
            "type": "extractor",
            "value": "inBound>flightdetails>duration",
            "linked": null,
            "event": null,
            "ignoreAttribute": null,
            "ignoreValue": null,
            "dependency": null
          },
          "inBoundFlightSelector": {
            "ById": ".timeline-airline",
            "ByClass": "",
            "ByXpath": "",
            "isOptional": false,
            "parent": "inBoundDetailsflightSelector",
            "type": "select",
            "selectorForJavascript": "if (document.querySelector('.timeout-warning-btn-reset-session')) { document.querySelector('.timeout-warning-btn-reset-session').click() ;}",
            "value": "",
            "linked": null,
            "event": null,
            "ignoreAttribute": null,
            "ignoreValue": null,
            "dependency": null
          },
          "inBoundFlightNumberSelector": {
            "ById": ".flightnumber",
            "ByClass": "",
            "ByXpath": "",
            "isOptional": false,
            "parent": "inBoundFlightSelector",
            "type": "extractor",
            "expression": {
              "type": 1,
              "pattern": "\\(([^)]+)\\)",
              "value": [
                {
                  "index": 0,
                  "expression": {
                    "type": 1,
                    "pattern": "([a-zA-Z0-9][0a-zA-Z0-9])([0-9]+)",
                    "value": [
                      {
                        "index": 1,
                        "expression": {},
                        "value": "airlineCode"
                      },
                      {
                        "index": 2,
                        "expression": {},
                        "value": "flightNumber"
                      }
                    ]
                  },
                  "value": null
                }
              ]
            },
            "value": "inbound>flightdetails",
            "linked": null,
            "event": null,
            "ignoreAttribute": null,
            "ignoreValue": null,
            "dependency": null
          },
          "inBoundAircraftNameSelector": {
            "ById": ".equipment",
            "ByClass": "",
            "ByXpath": "",
            "isOptional": false,
            "parent": "inBoundFlightSelector",
            "type": "extractor",
            "value": "inbound>flightdetails>type",
            "linked": null,
            "event": null,
            "ignoreAttribute": null,
            "ignoreValue": null,
            "dependency": null
          },
          "inBoundFlightDetailsClickForCloseSelector": {
            "ById": "",
            "ByClass": ".show-timeline-link",
            "ByXpath": "",
            "isOptional": false,
            "parent": "inBoundRowSelector",
            "type": "click",
            "value": null,
            "linked": null,
            "event": null,
            "ignoreAttribute": "",
            "ignoreValue": "",
            "dependency": null,
            "cheapestIndicatorAttribute": "",
            "cheapestIndicator": "",
            "waitSelector": "",
            "applyBusinessRules": false,
            "selectorForJavascript": "if (document.querySelector('.timeout-warning-btn-reset-session')) { document.querySelector('.timeout-warning-btn-reset-session').click() ;}",
            "flightType": "inbound"
          }
      
        },
        "action": null,
        "applyFilters": false,
        "filterTags": {},
        "actionSelector": {
          "ById": "",
          "ByClass": "",
          "ByXpath": ""
        },
        "dependentFlag": "",
        "isRequired": true,
        "type": "listing",
        "popUpHandler": "if (document.querySelector('#lightbox_pop')) document.querySelector('#lightbox_pop').contentDocument.querySelector('#en').click();"
      }
    },
    "CalendarScriptPath": "thai_airwaysCalendar.js",
    "GlobalScriptPath": "",
    "inbounditemsCount": 4,
    "outbounditemsCount": 2,
    "ExtraInfo": null,
    "BotTimeoutInSec": 1200,
    "DateFormat": "mm/dd/yyyy",
    "IsCombined": true
  }
}
